{
  "total_time_minutes": 132.63634550571442,
  "total_combinations": 570,
  "total_locations": 21515,
  "cached_locations": 15403,
  "new_locations": 2,
  "timestamp": 1755974887.8808286
}